/*
SQLyog Ultimate v10.00 Beta1
MySQL - 5.1.73 : Database - obr
*********************************************************************
*/

/*!40101 SET NAMES utf8 */;

/*!40101 SET SQL_MODE=''*/;

/*!40014 SET @OLD_UNIQUE_CHECKS=@@UNIQUE_CHECKS, UNIQUE_CHECKS=0 */;
/*!40014 SET @OLD_FOREIGN_KEY_CHECKS=@@FOREIGN_KEY_CHECKS, FOREIGN_KEY_CHECKS=0 */;
/*!40101 SET @OLD_SQL_MODE=@@SQL_MODE, SQL_MODE='NO_AUTO_VALUE_ON_ZERO' */;
/*!40111 SET @OLD_SQL_NOTES=@@SQL_NOTES, SQL_NOTES=0 */;
CREATE DATABASE /*!32312 IF NOT EXISTS*/`obr` /*!40100 DEFAULT CHARACTER SET latin1 */;

USE `obr`;

/*Table structure for table `authorities` */

DROP TABLE IF EXISTS `authorities`;

CREATE TABLE `authorities` (
  `id` int(11) NOT NULL AUTO_INCREMENT,
  `display_name` varchar(255) DEFAULT NULL,
  `name` varchar(255) DEFAULT NULL,
  `permissions` varchar(255) DEFAULT NULL,
  `url` varchar(255) DEFAULT NULL,
  `parent_authority_id` int(11) DEFAULT NULL,
  PRIMARY KEY (`id`),
  KEY `parent_authority_id` (`parent_authority_id`),
  CONSTRAINT `authorities_ibfk_1` FOREIGN KEY (`parent_authority_id`) REFERENCES `authorities` (`id`)
) ENGINE=InnoDB AUTO_INCREMENT=11 DEFAULT CHARSET=utf8;

/*Data for the table `authorities` */

insert  into `authorities`(`id`,`display_name`,`name`,`permissions`,`url`,`parent_authority_id`) values (1,'OSGI产品服务管理','',NULL,'/',NULL),(2,'注册产品服务','product-create',NULL,'/product/input',1),(3,'产品信息管理','product',NULL,'/product/list',1),(4,'Bundle管理','',NULL,'/',NULL),(5,'bundle生命周期管理','bundle-lifecycle',NULL,'/bundle/list',4),(6,'日志信息管理','',NULL,'/',NULL),(7,'查看日志详情','log-detail',NULL,'/log/detail',6),(8,'系统权限管理','',NULL,'/',NULL),(9,'角色管理','role',NULL,'/role/list',8),(10,'系统用户管理','user',NULL,'/user/list',8);

/*Table structure for table `bnd_products` */

DROP TABLE IF EXISTS `bnd_products`;

CREATE TABLE `bnd_products` (
  `product_id` int(11) NOT NULL,
  `bnd_id` int(11) NOT NULL,
  PRIMARY KEY (`product_id`,`bnd_id`),
  KEY `bnd_id` (`bnd_id`),
  CONSTRAINT `bnd_products_ibfk_1` FOREIGN KEY (`product_id`) REFERENCES `products` (`id`),
  CONSTRAINT `bnd_products_ibfk_2` FOREIGN KEY (`bnd_id`) REFERENCES `bundles` (`id`)
) ENGINE=InnoDB DEFAULT CHARSET=utf8;

/*Data for the table `bnd_products` */

insert  into `bnd_products`(`product_id`,`bnd_id`) values (5,488),(7,488),(8,488),(9,488),(5,489),(8,489),(9,489),(9,490),(5,491),(8,491),(9,491),(5,492),(8,492),(9,492),(7,493),(8,493),(9,493),(9,494),(7,495),(9,495),(7,496),(9,496),(9,497);

/*Table structure for table `bundles` */

DROP TABLE IF EXISTS `bundles`;

CREATE TABLE `bundles` (
  `id` int(11) NOT NULL AUTO_INCREMENT,
  `res_id` varchar(255) DEFAULT NULL,
  `presentation_name` varchar(255) DEFAULT NULL,
  `symbolic_name` varchar(255) DEFAULT NULL,
  `uri` varchar(255) DEFAULT NULL,
  `version` varchar(255) DEFAULT NULL,
  `size` varchar(255) DEFAULT NULL,
  `xml_content` mediumtext,
  PRIMARY KEY (`id`)
) ENGINE=InnoDB AUTO_INCREMENT=498 DEFAULT CHARSET=utf8;

/*Data for the table `bundles` */

insert  into `bundles`(`id`,`res_id`,`presentation_name`,`symbolic_name`,`uri`,`version`,`size`,`xml_content`) values (488,'DEMO3/1.0.0.201606021753','DEMO3','DEMO3','http://192.168.3.208:9000/obr/DEMO3-1.0.0.201606021753.jar','1.0.0.201606021753','1090','<resource id=\'DEMO3/1.0.0.201606021753\' presentationname=\'DEMO3\' symbolicname=\'DEMO3\' uri=\'http://192.168.3.208:9000/obr/DEMO3-1.0.0.201606021753.jar\' version=\'1.0.0.201606021753\'>\n    <size>\n      1090\n    </size>\n    <capability name=\'bundle\'>\n      <p n=\'manifestversion\' v=\'2\'/>\n      <p n=\'presentationname\' v=\'DEMO3\'/>\n      <p n=\'symbolicname\' v=\'DEMO3\'/>\n      <p n=\'version\' v=\'1.0.0.201606021753\'/>\n    </capability>\n    <require extend=\'false\' filter=\'(&amp;(package=org.osgi.framework)(version&gt;=1.3.0))\' multiple=\'false\' name=\'package\' optional=\'false\'>\n      Import package org.osgi.framework ;version=1.3.0\n    </require>\n    <require extend=\'false\' filter=\'(|(ee=JavaSE-1.7))\' multiple=\'false\' name=\'ee\' optional=\'false\'>\n      Execution Environment (|(ee=JavaSE-1.7))\n    </require>\n  </resource>'),(489,'TEST3/1.0.0.201606021714','TEST3','TEST3','http://192.168.3.208:9000/obr/TEST3-1.0.0.201606021714.jar','1.0.0.201606021714','1086','<resource id=\'TEST3/1.0.0.201606021714\' presentationname=\'TEST3\' symbolicname=\'TEST3\' uri=\'http://192.168.3.208:9000/obr/TEST3-1.0.0.201606021714.jar\' version=\'1.0.0.201606021714\'>\n    <size>\n      1086\n    </size>\n    <capability name=\'bundle\'>\n      <p n=\'manifestversion\' v=\'2\'/>\n      <p n=\'presentationname\' v=\'TEST3\'/>\n      <p n=\'symbolicname\' v=\'TEST3\'/>\n      <p n=\'version\' v=\'1.0.0.201606021714\'/>\n    </capability>\n    <require extend=\'false\' filter=\'(&amp;(package=org.osgi.framework)(version&gt;=1.3.0))\' multiple=\'false\' name=\'package\' optional=\'false\'>\n      Import package org.osgi.framework ;version=1.3.0\n    </require>\n    <require extend=\'false\' filter=\'(|(ee=JavaSE-1.7))\' multiple=\'false\' name=\'ee\' optional=\'false\'>\n      Execution Environment (|(ee=JavaSE-1.7))\n    </require>\n  </resource>'),(490,'org.apache.commons.beanutils/1.8.0','Commons BeanUtils','org.apache.commons.beanutils','http://192.168.3.208:9000/obr/org/apache/commons/org.apache.commons.beanutils-1.8.0.jar','1.8.0','231320','<resource id=\'org.apache.commons.beanutils/1.8.0\' presentationname=\'Commons BeanUtils\' symbolicname=\'org.apache.commons.beanutils\' uri=\'http://192.168.3.208:9000/obr/org/apache/commons/org.apache.commons.beanutils-1.8.0.jar\' version=\'1.8.0\'>\n    <description>\n      BeanUtils provides an easy-to-use but flexible wrapper around\n       reflection and introspection.\n    </description>\n    <size>\n      231320\n    </size>\n    <license>\n      http://www.apache.org/licenses/LICENSE-2.0.txt\n    </license>\n    <documentation>\n      http://commons.apache.org/beanutils/\n    </documentation>\n    <capability name=\'bundle\'>\n      <p n=\'manifestversion\' v=\'2\'/>\n      <p n=\'presentationname\' v=\'Commons BeanUtils\'/>\n      <p n=\'symbolicname\' v=\'org.apache.commons.beanutils\'/>\n      <p n=\'version\' v=\'1.8.0\'/>\n    </capability>\n    <capability name=\'package\'>\n      <p n=\'package\' v=\'org.apache.commons.beanutils.expression\'/>\n      <p n=\'version\' t=\'version\' v=\'1.8.0\'/>\n    </capability>\n    <capability name=\'package\'>\n      <p n=\'package\' v=\'org.apache.commons.beanutils\'/>\n      <p n=\'version\' t=\'version\' v=\'1.8.0\'/>\n    </capability>\n    <capability name=\'package\'>\n      <p n=\'package\' v=\'org.apache.commons.beanutils.locale.converters\'/>\n      <p n=\'version\' t=\'version\' v=\'1.8.0\'/>\n    </capability>\n    <capability name=\'package\'>\n      <p n=\'package\' v=\'org.apache.commons.beanutils.converters\'/>\n      <p n=\'version\' t=\'version\' v=\'1.8.0\'/>\n    </capability>\n    <capability name=\'package\'>\n      <p n=\'package\' v=\'org.apache.commons.beanutils.locale\'/>\n      <p n=\'version\' t=\'version\' v=\'1.8.0\'/>\n    </capability>\n    <require extend=\'false\' filter=\'(&amp;(package=org.apache.commons.beanutils)(version&gt;=1.8.0))\' multiple=\'false\' name=\'package\' optional=\'false\'>\n      Import package org.apache.commons.beanutils ;version=1.8.0\n    </require>\n    <require extend=\'false\' filter=\'(&amp;(package=org.apache.commons.beanutils.converters)(version&gt;=1.8.0))\' multiple=\'false\' name=\'package\' optional=\'false\'>\n      Import package org.apache.commons.beanutils.converters ;version=1.8.0\n    </require>\n    <require extend=\'false\' filter=\'(&amp;(package=org.apache.commons.beanutils.expression)(version&gt;=1.8.0))\' multiple=\'false\' name=\'package\' optional=\'false\'>\n      Import package org.apache.commons.beanutils.expression ;version=1.8.0\n    </require>\n    <require extend=\'false\' filter=\'(&amp;(package=org.apache.commons.beanutils.locale)(version&gt;=1.8.0))\' multiple=\'false\' name=\'package\' optional=\'false\'>\n      Import package org.apache.commons.beanutils.locale ;version=1.8.0\n    </require>\n    <require extend=\'false\' filter=\'(&amp;(package=org.apache.commons.beanutils.locale.converters)(version&gt;=1.8.0))\' multiple=\'false\' name=\'package\' optional=\'false\'>\n      Import package org.apache.commons.beanutils.locale.converters\n       ;version=1.8.0\n    </require>\n    <require extend=\'false\' filter=\'(&amp;(package=org.apache.commons.collections.comparators)(version&gt;=0.0.0))\' multiple=\'false\' name=\'package\' optional=\'false\'>\n      Import package org.apache.commons.collections.comparators\n    </require>\n    <require extend=\'false\' filter=\'(&amp;(package=org.apache.commons.collections.keyvalue)(version&gt;=0.0.0))\' multiple=\'false\' name=\'package\' optional=\'false\'>\n      Import package org.apache.commons.collections.keyvalue\n    </require>\n    <require extend=\'false\' filter=\'(&amp;(package=org.apache.commons.collections.list)(version&gt;=0.0.0))\' multiple=\'false\' name=\'package\' optional=\'false\'>\n      Import package org.apache.commons.collections.list\n    </require>\n    <require extend=\'false\' filter=\'(&amp;(package=org.apache.commons.collections.set)(version&gt;=0.0.0))\' multiple=\'false\' name=\'package\' optional=\'false\'>\n      Import package org.apache.commons.collections.set\n    </require>\n    <require extend=\'false\' filter=\'(&amp;(package=org.apache.commons.logging)(version&gt;=0.0.0))\' multiple=\'false\' name=\'package\' optional=\'false\'>\n      Import package org.apache.commons.logging\n    </require>\n  </resource>'),(491,'org.apache.felix.bundlerepository/2.0.8','Apache Felix Bundle Repository','org.apache.felix.bundlerepository','http://192.168.3.208:9000/obr/org/apache/felix/org.apache.felix.bundlerepository-2.0.8.jar','2.0.8','225965','<resource id=\'org.apache.felix.bundlerepository/2.0.8\' presentationname=\'Apache Felix Bundle Repository\' symbolicname=\'org.apache.felix.bundlerepository\' uri=\'http://192.168.3.208:9000/obr/org/apache/felix/org.apache.felix.bundlerepository-2.0.8.jar\' version=\'2.0.8\'>\n    <description>\n      Bundle repository service.\n    </description>\n    <size>\n      225965\n    </size>\n    <license>\n      http://www.apache.org/licenses/LICENSE-2.0.txt\n    </license>\n    <documentation>\n      http://felix.apache.org/site/apache-felix-osgi-bundle-repository.html\n    </documentation>\n    <source>\n      http://felix.apache.org/site/downloads.cgi\n    </source>\n    <capability name=\'service\'>\n      <p n=\'service\' v=\'org.apache.felix.bundlerepository.RepositoryAdmin\'/>\n    </capability>\n    <capability name=\'service\'>\n      <p n=\'service\' v=\'org.osgi.service.obr.RepositoryAdmin\'/>\n    </capability>\n    <capability name=\'bundle\'>\n      <p n=\'manifestversion\' v=\'2\'/>\n      <p n=\'presentationname\' v=\'Apache Felix Bundle Repository\'/>\n      <p n=\'symbolicname\' v=\'org.apache.felix.bundlerepository\'/>\n      <p n=\'version\' v=\'2.0.8\'/>\n    </capability>\n    <capability name=\'package\'>\n      <p n=\'package\' v=\'org.osgi.service.repository\'/>\n      <p n=\'uses:\' v=\'org.osgi.resource\'/>\n      <p n=\'version\' t=\'version\' v=\'1.0.0\'/>\n    </capability>\n    <capability name=\'package\'>\n      <p n=\'package\' v=\'org.apache.felix.bundlerepository\'/>\n      <p n=\'uses:\' v=\'org.osgi.framework\'/>\n      <p n=\'version\' t=\'version\' v=\'2.1.0\'/>\n    </capability>\n    <require extend=\'false\' filter=\'(&amp;(package=org.osgi.service.repository)(version&gt;=1.0.0)(version&lt;2.0.0))\' multiple=\'false\' name=\'package\' optional=\'false\'>\n      Import package org.osgi.service.repository ;version=[1.0.0,2.0.0)\n    </require>\n    <require extend=\'false\' filter=\'(&amp;(package=org.osgi.service.log)(version&gt;=1.3.0)(version&lt;2.0.0))\' multiple=\'false\' name=\'package\' optional=\'true\'>\n      Import package org.osgi.service.log ;version=[1.3.0,2.0.0)\n    </require>\n    <require extend=\'false\' filter=\'(&amp;(package=org.osgi.service.obr)(version&gt;=1.0.0)(version&lt;2.0.0))\' multiple=\'false\' name=\'package\' optional=\'true\'>\n      Import package org.osgi.service.obr ;version=[1.0.0,2.0.0)\n    </require>\n    <require extend=\'false\' filter=\'(&amp;(package=javax.xml.stream)(version&gt;=0.0.0))\' multiple=\'false\' name=\'package\' optional=\'true\'>\n      Import package javax.xml.stream\n    </require>\n    <require extend=\'false\' filter=\'(&amp;(package=org.apache.felix.bundlerepository)(version&gt;=2.1.0)(version&lt;3.0.0))\' multiple=\'false\' name=\'package\' optional=\'false\'>\n      Import package org.apache.felix.bundlerepository ;version=[2.1.0,3.0.0)\n    </require>\n    <require extend=\'false\' filter=\'(&amp;(package=org.apache.felix.shell)(version&gt;=1.0.0)(version&lt;2.0.0))\' multiple=\'false\' name=\'package\' optional=\'true\'>\n      Import package org.apache.felix.shell ;version=[1.0.0,2.0.0)\n    </require>\n    <require extend=\'false\' filter=\'(&amp;(package=org.osgi.framework)(version&gt;=1.7.0)(version&lt;2.0.0))\' multiple=\'false\' name=\'package\' optional=\'false\'>\n      Import package org.osgi.framework ;version=[1.7.0,2.0.0)\n    </require>\n    <require extend=\'false\' filter=\'(&amp;(package=org.osgi.framework.wiring)(version&gt;=1.1.0)(version&lt;2.0.0))\' multiple=\'false\' name=\'package\' optional=\'false\'>\n      Import package org.osgi.framework.wiring ;version=[1.1.0,2.0.0)\n    </require>\n    <require extend=\'false\' filter=\'(&amp;(package=org.osgi.resource)(version&gt;=1.0.0)(version&lt;2.0.0))\' multiple=\'false\' name=\'package\' optional=\'false\'>\n      Import package org.osgi.resource ;version=[1.0.0,2.0.0)\n    </require>\n    <require extend=\'false\' filter=\'(&amp;(package=org.osgi.service.cm)(version&gt;=1.5.0)(version&lt;2.0.0))\' multiple=\'false\' name=\'package\' optional=\'true\'>\n      Import package org.osgi.service.cm ;version=[1.5.0,2.0.0)\n    </require>\n    <require extend=\'false\' filter=\'(&amp;(package=org.osgi.service.url)(version&gt;=1.0.0)(version&lt;2.0.0))\' multiple=\'false\' name=\'package\' optional=\'false\'>\n      Import package org.osgi.service.url ;version=[1.0.0,2.0.0)\n    </require>\n    <require extend=\'false\' filter=\'(&amp;(package=org.osgi.util.tracker)(version&gt;=1.5.0)(version&lt;2.0.0))\' multiple=\'false\' name=\'package\' optional=\'false\'>\n      Import package org.osgi.util.tracker ;version=[1.5.0,2.0.0)\n    </require>\n  </resource>'),(492,'org.apache.felix.deploymentadmin/0.9.10','Apache Felix Deployment Admin','org.apache.felix.deploymentadmin','http://192.168.3.208:9000/obr/org/apache/felix/org.apache.felix.deploymentadmin-0.9.10.jar','0.9.10','100411','<resource id=\'org.apache.felix.deploymentadmin/0.9.10\' presentationname=\'Apache Felix Deployment Admin\' symbolicname=\'org.apache.felix.deploymentadmin\' uri=\'http://192.168.3.208:9000/obr/org/apache/felix/org.apache.felix.deploymentadmin-0.9.10.jar\' version=\'0.9.10\'>\n    <description>\n      A bundle that implements the Deployment Admin.\n    </description>\n    <size>\n      100411\n    </size>\n    <license>\n      http://www.apache.org/licenses/LICENSE-2.0.txt\n    </license>\n    <documentation>\n      http://www.apache.org/\n    </documentation>\n    <capability name=\'bundle\'>\n      <p n=\'manifestversion\' v=\'2\'/>\n      <p n=\'presentationname\' v=\'Apache Felix Deployment Admin\'/>\n      <p n=\'symbolicname\' v=\'org.apache.felix.deploymentadmin\'/>\n      <p n=\'version\' v=\'0.9.10\'/>\n    </capability>\n    <capability name=\'package\'>\n      <p n=\'package\' v=\'org.osgi.service.deploymentadmin\'/>\n      <p n=\'uses:\' v=\'org.osgi.framework\'/>\n      <p n=\'version\' t=\'version\' v=\'1.1.0\'/>\n    </capability>\n    <capability name=\'package\'>\n      <p n=\'package\' v=\'org.osgi.service.deploymentadmin.spi\'/>\n      <p n=\'uses:\' v=\'org.osgi.framework,org.osgi.service.deploymentadmin\'/>\n      <p n=\'version\' t=\'version\' v=\'1.0.0\'/>\n    </capability>\n    <require extend=\'false\' filter=\'(&amp;(package=org.apache.felix.dm)(version&gt;=4.1.0)(version&lt;5.0.0))\' multiple=\'false\' name=\'package\' optional=\'false\'>\n      Import package org.apache.felix.dm ;version=[4.1.0,5.0.0)\n    </require>\n    <require extend=\'false\' filter=\'(&amp;(package=org.osgi.framework)(version&gt;=1.5.0)(version&lt;2.0.0))\' multiple=\'false\' name=\'package\' optional=\'false\'>\n      Import package org.osgi.framework ;version=[1.5.0,2.0.0)\n    </require>\n    <require extend=\'false\' filter=\'(&amp;(package=org.osgi.service.deploymentadmin)(version&gt;=1.1.0)(version&lt;2.0.0))\' multiple=\'false\' name=\'package\' optional=\'false\'>\n      Import package org.osgi.service.deploymentadmin ;version=[1.1.0,2.0.0)\n    </require>\n    <require extend=\'false\' filter=\'(&amp;(package=org.osgi.service.deploymentadmin.spi)(version&gt;=1.0.0)(version&lt;2.0.0))\' multiple=\'false\' name=\'package\' optional=\'false\'>\n      Import package org.osgi.service.deploymentadmin.spi ;version=[1.0.0,2.0.0)\n    </require>\n    <require extend=\'false\' filter=\'(&amp;(package=org.osgi.service.event)(version&gt;=1.2.0)(version&lt;2.0.0))\' multiple=\'false\' name=\'package\' optional=\'false\'>\n      Import package org.osgi.service.event ;version=[1.2.0,2.0.0)\n    </require>\n    <require extend=\'false\' filter=\'(&amp;(package=org.osgi.service.log)(version&gt;=1.3.0)(version&lt;2.0.0))\' multiple=\'false\' name=\'package\' optional=\'false\'>\n      Import package org.osgi.service.log ;version=[1.3.0,2.0.0)\n    </require>\n    <require extend=\'false\' filter=\'(&amp;(package=org.osgi.service.packageadmin)(version&gt;=1.2.0)(version&lt;2.0.0))\' multiple=\'false\' name=\'package\' optional=\'false\'>\n      Import package org.osgi.service.packageadmin ;version=[1.2.0,2.0.0)\n    </require>\n  </resource>'),(493,'org.apache.felix.framework/5.0.0','Apache Felix Framework','org.apache.felix.framework','http://192.168.3.208:9000/obr/org/apache/felix/org.apache.felix.framework-5.0.0.jar','5.0.0','599012','<resource id=\'org.apache.felix.framework/5.0.0\' presentationname=\'Apache Felix Framework\' symbolicname=\'org.apache.felix.framework\' uri=\'http://192.168.3.208:9000/obr/org/apache/felix/org.apache.felix.framework-5.0.0.jar\' version=\'5.0.0\'>\n    <description>\n      OSGi R5 framework implementation.\n    </description>\n    <size>\n      599012\n    </size>\n    <license>\n      http://www.apache.org/licenses/LICENSE-2.0.txt\n    </license>\n    <documentation>\n      http://www.apache.org/\n    </documentation>\n    <capability name=\'bundle\'>\n      <p n=\'manifestversion\' v=\'2\'/>\n      <p n=\'presentationname\' v=\'Apache Felix Framework\'/>\n      <p n=\'symbolicname\' v=\'org.apache.felix.framework\'/>\n      <p n=\'version\' v=\'5.0.0\'/>\n    </capability>\n    <capability name=\'package\'>\n      <p n=\'package\' v=\'org.osgi.framework\'/>\n      <p n=\'version\' t=\'version\' v=\'1.8.0\'/>\n    </capability>\n    <capability name=\'package\'>\n      <p n=\'package\' v=\'org.osgi.framework.dto\'/>\n      <p n=\'uses:\' v=\'org.osgi.dto\'/>\n      <p n=\'version\' t=\'version\' v=\'1.8.0\'/>\n    </capability>\n    <capability name=\'package\'>\n      <p n=\'package\' v=\'org.osgi.framework.hooks.bundle\'/>\n      <p n=\'uses:\' v=\'org.osgi.framework\'/>\n      <p n=\'version\' t=\'version\' v=\'1.1.0\'/>\n    </capability>\n    <capability name=\'package\'>\n      <p n=\'package\' v=\'org.osgi.framework.hooks.resolver\'/>\n      <p n=\'uses:\' v=\'org.osgi.framework.wiring\'/>\n      <p n=\'version\' t=\'version\' v=\'1.0.0\'/>\n    </capability>\n    <capability name=\'package\'>\n      <p n=\'package\' v=\'org.osgi.framework.hooks.service\'/>\n      <p n=\'uses:\' v=\'org.osgi.framework\'/>\n      <p n=\'version\' t=\'version\' v=\'1.1.0\'/>\n    </capability>\n    <capability name=\'package\'>\n      <p n=\'package\' v=\'org.osgi.framework.hooks.weaving\'/>\n      <p n=\'uses:\' v=\'org.osgi.framework.wiring\'/>\n      <p n=\'version\' t=\'version\' v=\'1.1.0\'/>\n    </capability>\n    <capability name=\'package\'>\n      <p n=\'package\' v=\'org.osgi.framework.launch\'/>\n      <p n=\'uses:\' v=\'org.osgi.framework\'/>\n      <p n=\'version\' t=\'version\' v=\'1.2.0\'/>\n    </capability>\n    <capability name=\'package\'>\n      <p n=\'package\' v=\'org.osgi.framework.namespace\'/>\n      <p n=\'uses:\' v=\'org.osgi.resource\'/>\n      <p n=\'version\' t=\'version\' v=\'1.1.0\'/>\n    </capability>\n    <capability name=\'package\'>\n      <p n=\'package\' v=\'org.osgi.framework.startlevel\'/>\n      <p n=\'uses:\' v=\'org.osgi.framework\'/>\n      <p n=\'version\' t=\'version\' v=\'1.0.0\'/>\n    </capability>\n    <capability name=\'package\'>\n      <p n=\'package\' v=\'org.osgi.framework.startlevel.dto\'/>\n      <p n=\'uses:\' v=\'org.osgi.dto\'/>\n      <p n=\'version\' t=\'version\' v=\'1.0.0\'/>\n    </capability>\n    <capability name=\'package\'>\n      <p n=\'package\' v=\'org.osgi.framework.wiring\'/>\n      <p n=\'uses:\' v=\'org.osgi.framework,org.osgi.resource\'/>\n      <p n=\'version\' t=\'version\' v=\'1.2.0\'/>\n    </capability>\n    <capability name=\'package\'>\n      <p n=\'package\' v=\'org.osgi.framework.wiring.dto\'/>\n      <p n=\'uses:\' v=\'org.osgi.dto,org.osgi.resource.dto\'/>\n      <p n=\'version\' t=\'version\' v=\'1.2.0\'/>\n    </capability>\n    <capability name=\'package\'>\n      <p n=\'package\' v=\'org.osgi.resource\'/>\n      <p n=\'version\' t=\'version\' v=\'1.0.0\'/>\n    </capability>\n    <capability name=\'package\'>\n      <p n=\'package\' v=\'org.osgi.resource.dto\'/>\n      <p n=\'uses:\' v=\'org.osgi.dto\'/>\n      <p n=\'version\' t=\'version\' v=\'1.0.0\'/>\n    </capability>\n    <capability name=\'package\'>\n      <p n=\'package\' v=\'org.osgi.service.packageadmin\'/>\n      <p n=\'uses:\' v=\'org.osgi.framework\'/>\n      <p n=\'version\' t=\'version\' v=\'1.2.0\'/>\n    </capability>\n    <capability name=\'package\'>\n      <p n=\'package\' v=\'org.osgi.service.startlevel\'/>\n      <p n=\'uses:\' v=\'org.osgi.framework\'/>\n      <p n=\'version\' t=\'version\' v=\'1.1.0\'/>\n    </capability>\n    <capability name=\'package\'>\n      <p n=\'package\' v=\'org.osgi.service.url\'/>\n      <p n=\'version\' t=\'version\' v=\'1.0.0\'/>\n    </capability>\n    <capability name=\'package\'>\n      <p n=\'package\' v=\'org.osgi.service.resolver\'/>\n      <p n=\'uses:\' v=\'org.osgi.resource\'/>\n      <p n=\'version\' t=\'version\' v=\'1.0.0\'/>\n    </capability>\n    <capability name=\'package\'>\n      <p n=\'package\' v=\'org.osgi.util.tracker\'/>\n      <p n=\'uses:\' v=\'org.osgi.framework\'/>\n      <p n=\'version\' t=\'version\' v=\'1.5.1\'/>\n    </capability>\n    <capability name=\'package\'>\n      <p n=\'package\' v=\'org.osgi.dto\'/>\n      <p n=\'version\' t=\'version\' v=\'1.0.0\'/>\n    </capability>\n  </resource>'),(494,'org.apache.felix.http.jetty/3.2.0','Apache Felix Http Jetty','org.apache.felix.http.jetty','http://192.168.3.208:9000/obr/org/apache/felix/http/org.apache.felix.http.jetty-3.2.0.jar','3.2.0','2117754','<resource id=\'org.apache.felix.http.jetty/3.2.0\' presentationname=\'Apache Felix Http Jetty\' symbolicname=\'org.apache.felix.http.jetty\' uri=\'http://192.168.3.208:9000/obr/org/apache/felix/http/org.apache.felix.http.jetty-3.2.0.jar\' version=\'3.2.0\'>\n    <description>\n      Apache Felix is a community effort to implement the OSGi Framework\n       and Service platform and other interesting OSGi-related technologies.\n    </description>\n    <size>\n      2117754\n    </size>\n    <license>\n      http://www.apache.org/licenses/LICENSE-2.0.txt\n    </license>\n    <documentation>\n      http://www.apache.org/\n    </documentation>\n    <capability name=\'bundle\'>\n      <p n=\'manifestversion\' v=\'2\'/>\n      <p n=\'presentationname\' v=\'Apache Felix Http Jetty\'/>\n      <p n=\'symbolicname\' v=\'org.apache.felix.http.jetty\'/>\n      <p n=\'version\' v=\'3.2.0\'/>\n    </capability>\n    <capability name=\'package\'>\n      <p n=\'package\' v=\'org.osgi.service.http\'/>\n      <p n=\'uses:\' v=\'javax.servlet,javax.servlet.http\'/>\n      <p n=\'version\' t=\'version\' v=\'1.2.1\'/>\n    </capability>\n    <capability name=\'package\'>\n      <p n=\'package\' v=\'org.osgi.service.http.context\'/>\n      <p n=\'uses:\' v=\'javax.servlet.http,org.osgi.framework\'/>\n      <p n=\'version\' t=\'version\' v=\'1.0.0\'/>\n    </capability>\n    <capability name=\'package\'>\n      <p n=\'package\' v=\'org.osgi.service.http.runtime\'/>\n      <p n=\'uses:\' v=\'org.osgi.service.http.runtime.dto\'/>\n      <p n=\'version\' t=\'version\' v=\'1.0.0\'/>\n    </capability>\n    <capability name=\'package\'>\n      <p n=\'package\' v=\'org.osgi.service.http.runtime.dto\'/>\n      <p n=\'uses:\' v=\'org.osgi.dto,org.osgi.framework.dto\'/>\n      <p n=\'version\' t=\'version\' v=\'1.0.0\'/>\n    </capability>\n    <capability name=\'package\'>\n      <p n=\'package\' v=\'org.osgi.service.http.whiteboard\'/>\n      <p n=\'version\' t=\'version\' v=\'1.0.0\'/>\n    </capability>\n    <capability name=\'package\'>\n      <p n=\'package\' v=\'org.apache.felix.http.api\'/>\n      <p n=\'uses:\' v=\'javax.servlet,org.osgi.service.http\'/>\n      <p n=\'version\' t=\'version\' v=\'2.0.6\'/>\n    </capability>\n    <capability name=\'package\'>\n      <p n=\'package\' v=\'org.eclipse.jetty\'/>\n      <p n=\'version\' t=\'version\' v=\'9.3.8\'/>\n    </capability>\n    <capability name=\'package\'>\n      <p n=\'package\' v=\'org.eclipse.jetty.http\'/>\n      <p n=\'uses:\' v=\'org.eclipse.jetty.util,org.eclipse.jetty.util.log,org.eclipse.jetty.util.resource\'/>\n      <p n=\'version\' t=\'version\' v=\'9.3.8\'/>\n    </capability>\n    <capability name=\'package\'>\n      <p n=\'package\' v=\'org.eclipse.jetty.http.pathmap\'/>\n      <p n=\'uses:\' v=\'org.eclipse.jetty.util.annotation,org.eclipse.jetty.util.component\'/>\n      <p n=\'version\' t=\'version\' v=\'9.3.8\'/>\n    </capability>\n    <capability name=\'package\'>\n      <p n=\'package\' v=\'org.eclipse.jetty.io\'/>\n      <p n=\'uses:\' v=\'javax.net.ssl,org.eclipse.jetty.util,org.eclipse.jetty.util.component,org.eclipse.jetty.util.log,org.eclipse.jetty.util.thread\'/>\n      <p n=\'version\' t=\'version\' v=\'9.3.8\'/>\n    </capability>\n    <capability name=\'package\'>\n      <p n=\'package\' v=\'org.eclipse.jetty.io.ssl\'/>\n      <p n=\'uses:\' v=\'javax.net.ssl,org.eclipse.jetty.io,org.eclipse.jetty.util.ssl\'/>\n      <p n=\'version\' t=\'version\' v=\'9.3.8\'/>\n    </capability>\n    <capability name=\'package\'>\n      <p n=\'package\' v=\'org.eclipse.jetty.jmx\'/>\n      <p n=\'uses:\' v=\'javax.management,javax.management.remote,org.eclipse.jetty.util.annotation,org.eclipse.jetty.util.component\'/>\n      <p n=\'version\' t=\'version\' v=\'9.3.8\'/>\n    </capability>\n    <capability name=\'package\'>\n      <p n=\'package\' v=\'org.eclipse.jetty.security\'/>\n      <p n=\'uses:\' v=\'javax.security.auth,javax.servlet,javax.servlet.annotation,javax.servlet.http,org.eclipse.jetty.server,org.eclipse.jetty.server.handler,org.eclipse.jetty.util,org.eclipse.jetty.util.component,org.eclipse.jetty.util.resource,org.eclipse.jetty.util.security\'/>\n      <p n=\'version\' t=\'version\' v=\'9.3.8\'/>\n    </capability>\n    <capability name=\'package\'>\n      <p n=\'package\' v=\'org.eclipse.jetty.security.authentication\'/>\n      <p n=\'uses:\' v=\'javax.security.auth,javax.servlet,javax.servlet.http,org.eclipse.jetty.security,org.eclipse.jetty.server\'/>\n      <p n=\'version\' t=\'version\' v=\'9.3.8\'/>\n    </capability>\n    <capability name=\'package\'>\n      <p n=\'package\' v=\'org.eclipse.jetty.server\'/>\n      <p n=\'uses:\' v=\'javax.net.ssl,javax.security.auth,javax.servlet,javax.servlet.http,org.eclipse.jetty.http,org.eclipse.jetty.io,org.eclipse.jetty.io.ssl,org.eclipse.jetty.server.handler,org.eclipse.jetty.server.session,org.eclipse.jetty.util,org.eclipse.jetty.util.annotation,org.eclipse.jetty.util.component,org.eclipse.jetty.util.log,org.eclipse.jetty.util.resource,org.eclipse.jetty.util.ssl,org.eclipse.jetty.util.thread\'/>\n      <p n=\'version\' t=\'version\' v=\'9.3.8\'/>\n    </capability>\n    <capability name=\'package\'>\n      <p n=\'package\' v=\'org.eclipse.jetty.server.handler\'/>\n      <p n=\'uses:\' v=\'javax.servlet,javax.servlet.descriptor,javax.servlet.http,org.eclipse.jetty.http,org.eclipse.jetty.io,org.eclipse.jetty.server,org.eclipse.jetty.util,org.eclipse.jetty.util.annotation,org.eclipse.jetty.util.component,org.eclipse.jetty.util.log,org.eclipse.jetty.util.resource\'/>\n      <p n=\'version\' t=\'version\' v=\'9.3.8\'/>\n    </capability>\n    <capability name=\'package\'>\n      <p n=\'package\' v=\'org.eclipse.jetty.server.handler.gzip\'/>\n      <p n=\'uses:\' v=\'javax.servlet,javax.servlet.http,org.eclipse.jetty.http,org.eclipse.jetty.server,org.eclipse.jetty.server.handler,org.eclipse.jetty.util,org.eclipse.jetty.util.log\'/>\n      <p n=\'version\' t=\'version\' v=\'9.3.8\'/>\n    </capability>\n    <capability name=\'package\'>\n      <p n=\'package\' v=\'org.eclipse.jetty.server.handler.jmx\'/>\n      <p n=\'uses:\' v=\'org.eclipse.jetty.jmx,org.eclipse.jetty.server.handler,org.eclipse.jetty.util.annotation\'/>\n      <p n=\'version\' t=\'version\' v=\'9.3.8\'/>\n    </capability>\n    <capability name=\'package\'>\n      <p n=\'package\' v=\'org.eclipse.jetty.server.jmx\'/>\n      <p n=\'uses:\' v=\'org.eclipse.jetty.jmx,org.eclipse.jetty.server,org.eclipse.jetty.util.annotation\'/>\n      <p n=\'version\' t=\'version\' v=\'9.3.8\'/>\n    </capability>\n    <capability name=\'package\'>\n      <p n=\'package\' v=\'org.eclipse.jetty.server.nio\'/>\n      <p n=\'uses:\' v=\'org.eclipse.jetty.io,org.eclipse.jetty.server,org.eclipse.jetty.util.ssl,org.eclipse.jetty.util.thread\'/>\n      <p n=\'version\' t=\'version\' v=\'9.3.8\'/>\n    </capability>\n    <capability name=\'package\'>\n      <p n=\'package\' v=\'org.eclipse.jetty.server.session\'/>\n      <p n=\'uses:\' v=\'javax.servlet,javax.servlet.http,javax.sql,org.eclipse.jetty.http,org.eclipse.jetty.server,org.eclipse.jetty.server.handler,org.eclipse.jetty.util.annotation,org.eclipse.jetty.util.component,org.eclipse.jetty.util.statistic,org.eclipse.jetty.util.thread\'/>\n      <p n=\'version\' t=\'version\' v=\'9.3.8\'/>\n    </capability>\n    <capability name=\'package\'>\n      <p n=\'package\' v=\'org.eclipse.jetty.server.session.jmx\'/>\n      <p n=\'uses:\' v=\'org.eclipse.jetty.server.handler.jmx\'/>\n      <p n=\'version\' t=\'version\' v=\'9.3.8\'/>\n    </capability>\n    <capability name=\'package\'>\n      <p n=\'package\' v=\'org.eclipse.jetty.servlet\'/>\n      <p n=\'uses:\' v=\'javax.servlet,javax.servlet.descriptor,javax.servlet.http,org.eclipse.jetty.http,org.eclipse.jetty.security,org.eclipse.jetty.server,org.eclipse.jetty.server.handler,org.eclipse.jetty.server.handler.gzip,org.eclipse.jetty.server.session,org.eclipse.jetty.util,org.eclipse.jetty.util.annotation,org.eclipse.jetty.util.component,org.eclipse.jetty.util.resource\'/>\n      <p n=\'version\' t=\'version\' v=\'9.3.8\'/>\n    </capability>\n    <capability name=\'package\'>\n      <p n=\'package\' v=\'org.eclipse.jetty.servlet.jmx\'/>\n      <p n=\'uses:\' v=\'org.eclipse.jetty.jmx\'/>\n      <p n=\'version\' t=\'version\' v=\'9.3.8\'/>\n    </capability>\n    <capability name=\'package\'>\n      <p n=\'package\' v=\'org.eclipse.jetty.servlet.listener\'/>\n      <p n=\'uses:\' v=\'javax.servlet\'/>\n      <p n=\'version\' t=\'version\' v=\'9.3.8\'/>\n    </capability>\n    <capability name=\'package\'>\n      <p n=\'package\' v=\'org.eclipse.jetty.util\'/>\n      <p n=\'uses:\' v=\'javax.servlet,javax.servlet.http,org.eclipse.jetty.util.annotation,org.eclipse.jetty.util.component,org.eclipse.jetty.util.log,org.eclipse.jetty.util.resource,org.eclipse.jetty.util.thread\'/>\n      <p n=\'version\' t=\'version\' v=\'9.3.8\'/>\n    </capability>\n    <capability name=\'package\'>\n      <p n=\'package\' v=\'org.eclipse.jetty.util.annotation\'/>\n      <p n=\'version\' t=\'version\' v=\'9.3.8\'/>\n    </capability>\n    <capability name=\'package\'>\n      <p n=\'package\' v=\'org.eclipse.jetty.util.component\'/>\n      <p n=\'uses:\' v=\'org.eclipse.jetty.util.annotation\'/>\n      <p n=\'version\' t=\'version\' v=\'9.3.8\'/>\n    </capability>\n    <capability name=\'package\'>\n      <p n=\'package\' v=\'org.eclipse.jetty.util.log\'/>\n      <p n=\'uses:\' v=\'org.eclipse.jetty.util.annotation\'/>\n      <p n=\'version\' t=\'version\' v=\'9.3.8\'/>\n    </capability>\n    <capability name=\'package\'>\n      <p n=\'package\' v=\'org.eclipse.jetty.util.log.jmx\'/>\n      <p n=\'uses:\' v=\'org.eclipse.jetty.jmx,org.eclipse.jetty.util.annotation\'/>\n      <p n=\'version\' t=\'version\' v=\'9.3.8\'/>\n    </capability>\n    <capability name=\'package\'>\n      <p n=\'package\' v=\'org.eclipse.jetty.util.preventers\'/>\n      <p n=\'uses:\' v=\'org.eclipse.jetty.util.component,org.eclipse.jetty.util.log\'/>\n      <p n=\'version\' t=\'version\' v=\'9.3.8\'/>\n    </capability>\n    <capability name=\'package\'>\n      <p n=\'package\' v=\'org.eclipse.jetty.util.resource\'/>\n      <p n=\'version\' t=\'version\' v=\'9.3.8\'/>\n    </capability>\n    <capability name=\'package\'>\n      <p n=\'package\' v=\'org.eclipse.jetty.util.security\'/>\n      <p n=\'uses:\' v=\'org.eclipse.jetty.util.resource\'/>\n      <p n=\'version\' t=\'version\' v=\'9.3.8\'/>\n    </capability>\n    <capability name=\'package\'>\n      <p n=\'package\' v=\'org.eclipse.jetty.util.ssl\'/>\n      <p n=\'uses:\' v=\'javax.naming,javax.net.ssl,org.eclipse.jetty.util.component,org.eclipse.jetty.util.resource\'/>\n      <p n=\'version\' t=\'version\' v=\'9.3.8\'/>\n    </capability>\n    <capability name=\'package\'>\n      <p n=\'package\' v=\'org.eclipse.jetty.util.statistic\'/>\n      <p n=\'version\' t=\'version\' v=\'9.3.8\'/>\n    </capability>\n    <capability name=\'package\'>\n      <p n=\'package\' v=\'org.eclipse.jetty.util.thread\'/>\n      <p n=\'uses:\' v=\'org.eclipse.jetty.util.annotation,org.eclipse.jetty.util.component\'/>\n      <p n=\'version\' t=\'version\' v=\'9.3.8\'/>\n    </capability>\n    <capability name=\'package\'>\n      <p n=\'package\' v=\'org.eclipse.jetty.util.thread.strategy\'/>\n      <p n=\'uses:\' v=\'org.eclipse.jetty.util.thread\'/>\n      <p n=\'version\' t=\'version\' v=\'9.3.8\'/>\n    </capability>\n    <capability name=\'package\'>\n      <p n=\'package\' v=\'org.eclipse.jetty.webapp\'/>\n      <p n=\'uses:\' v=\'javax.servlet,org.eclipse.jetty.security,org.eclipse.jetty.server,org.eclipse.jetty.server.handler,org.eclipse.jetty.server.session,org.eclipse.jetty.servlet,org.eclipse.jetty.util,org.eclipse.jetty.util.annotation,org.eclipse.jetty.util.resource,org.eclipse.jetty.xml\'/>\n      <p n=\'version\' t=\'version\' v=\'9.3.8\'/>\n    </capability>\n    <capability name=\'package\'>\n      <p n=\'package\' v=\'org.eclipse.jetty.websocket.api\'/>\n      <p n=\'uses:\' v=\'org.eclipse.jetty.websocket.api.extensions\'/>\n      <p n=\'version\' t=\'version\' v=\'9.3.8\'/>\n    </capability>\n    <capability name=\'package\'>\n      <p n=\'package\' v=\'org.eclipse.jetty.websocket.api.annotations\'/>\n      <p n=\'uses:\' v=\'org.eclipse.jetty.websocket.api\'/>\n      <p n=\'version\' t=\'version\' v=\'9.3.8\'/>\n    </capability>\n    <capability name=\'package\'>\n      <p n=\'package\' v=\'org.eclipse.jetty.websocket.api.extensions\'/>\n      <p n=\'uses:\' v=\'org.eclipse.jetty.websocket.api\'/>\n      <p n=\'version\' t=\'version\' v=\'9.3.8\'/>\n    </capability>\n    <capability name=\'package\'>\n      <p n=\'package\' v=\'org.eclipse.jetty.websocket.api.util\'/>\n      <p n=\'version\' t=\'version\' v=\'9.3.8\'/>\n    </capability>\n    <capability name=\'package\'>\n      <p n=\'package\' v=\'org.eclipse.jetty.websocket.client\'/>\n      <p n=\'uses:\' v=\'org.eclipse.jetty.io,org.eclipse.jetty.util,org.eclipse.jetty.util.component,org.eclipse.jetty.util.ssl,org.eclipse.jetty.util.thread,org.eclipse.jetty.websocket.api,org.eclipse.jetty.websocket.api.extensions,org.eclipse.jetty.websocket.client.io,org.eclipse.jetty.websocket.client.masks,org.eclipse.jetty.websocket.common,org.eclipse.jetty.websocket.common.events,org.eclipse.jetty.websocket.common.io.http,org.eclipse.jetty.websocket.common.scopes\'/>\n      <p n=\'version\' t=\'version\' v=\'9.3.8\'/>\n    </capability>\n    <capability name=\'package\'>\n      <p n=\'package\' v=\'org.eclipse.jetty.websocket.client.io\'/>\n      <p n=\'uses:\' v=\'javax.net.ssl,org.eclipse.jetty.io,org.eclipse.jetty.util,org.eclipse.jetty.util.component,org.eclipse.jetty.util.ssl,org.eclipse.jetty.websocket.api,org.eclipse.jetty.websocket.api.extensions,org.eclipse.jetty.websocket.client,org.eclipse.jetty.websocket.client.masks,org.eclipse.jetty.websocket.common,org.eclipse.jetty.websocket.common.events,org.eclipse.jetty.websocket.common.io\'/>\n      <p n=\'version\' t=\'version\' v=\'9.3.8\'/>\n    </capability>\n    <capability name=\'package\'>\n      <p n=\'package\' v=\'org.eclipse.jetty.websocket.client.masks\'/>\n      <p n=\'uses:\' v=\'org.eclipse.jetty.websocket.common\'/>\n      <p n=\'version\' t=\'version\' v=\'9.3.8\'/>\n    </capability>\n    <capability name=\'package\'>\n      <p n=\'package\' v=\'org.eclipse.jetty.websocket.common\'/>\n      <p n=\'uses:\' v=\'org.eclipse.jetty.io,org.eclipse.jetty.util,org.eclipse.jetty.util.annotation,org.eclipse.jetty.util.component,org.eclipse.jetty.websocket.api,org.eclipse.jetty.websocket.api.extensions,org.eclipse.jetty.websocket.common.events,org.eclipse.jetty.websocket.common.frames,org.eclipse.jetty.websocket.common.io,org.eclipse.jetty.websocket.common.scopes\'/>\n      <p n=\'version\' t=\'version\' v=\'9.3.8\'/>\n    </capability>\n    <capability name=\'package\'>\n      <p n=\'package\' v=\'org.eclipse.jetty.websocket.common.events\'/>\n      <p n=\'uses:\' v=\'org.eclipse.jetty.util.component,org.eclipse.jetty.util.log,org.eclipse.jetty.websocket.api,org.eclipse.jetty.websocket.api.extensions,org.eclipse.jetty.websocket.common,org.eclipse.jetty.websocket.common.events.annotated,org.eclipse.jetty.websocket.common.message\'/>\n      <p n=\'version\' t=\'version\' v=\'9.3.8\'/>\n    </capability>\n    <capability name=\'package\'>\n      <p n=\'package\' v=\'org.eclipse.jetty.websocket.common.events.annotated\'/>\n      <p n=\'uses:\' v=\'org.eclipse.jetty.websocket.api,org.eclipse.jetty.websocket.common.events\'/>\n      <p n=\'version\' t=\'version\' v=\'9.3.8\'/>\n    </capability>\n    <capability name=\'package\'>\n      <p n=\'package\' v=\'org.eclipse.jetty.websocket.common.extensions\'/>\n      <p n=\'uses:\' v=\'org.eclipse.jetty.io,org.eclipse.jetty.util.annotation,org.eclipse.jetty.util.component,org.eclipse.jetty.websocket.api,org.eclipse.jetty.websocket.api.extensions,org.eclipse.jetty.websocket.common,org.eclipse.jetty.websocket.common.scopes\'/>\n      <p n=\'version\' t=\'version\' v=\'9.3.8\'/>\n    </capability>\n    <capability name=\'package\'>\n      <p n=\'package\' v=\'org.eclipse.jetty.websocket.common.extensions.compress\'/>\n      <p n=\'uses:\' v=\'org.eclipse.jetty.websocket.api,org.eclipse.jetty.websocket.api.extensions,org.eclipse.jetty.websocket.common.extensions\'/>\n      <p n=\'version\' t=\'version\' v=\'9.3.8\'/>\n    </capability>\n    <capability name=\'package\'>\n      <p n=\'package\' v=\'org.eclipse.jetty.websocket.common.extensions.fragment\'/>\n      <p n=\'uses:\' v=\'org.eclipse.jetty.websocket.api,org.eclipse.jetty.websocket.api.extensions,org.eclipse.jetty.websocket.common.extensions\'/>\n      <p n=\'version\' t=\'version\' v=\'9.3.8\'/>\n    </capability>\n    <capability name=\'package\'>\n      <p n=\'package\' v=\'org.eclipse.jetty.websocket.common.extensions.identity\'/>\n      <p n=\'uses:\' v=\'org.eclipse.jetty.util.annotation,org.eclipse.jetty.websocket.api,org.eclipse.jetty.websocket.api.extensions,org.eclipse.jetty.websocket.common.extensions\'/>\n      <p n=\'version\' t=\'version\' v=\'9.3.8\'/>\n    </capability>\n    <capability name=\'package\'>\n      <p n=\'package\' v=\'org.eclipse.jetty.websocket.common.frames\'/>\n      <p n=\'uses:\' v=\'org.eclipse.jetty.websocket.api.extensions,org.eclipse.jetty.websocket.common\'/>\n      <p n=\'version\' t=\'version\' v=\'9.3.8\'/>\n    </capability>\n    <capability name=\'package\'>\n      <p n=\'package\' v=\'org.eclipse.jetty.websocket.common.io\'/>\n      <p n=\'uses:\' v=\'org.eclipse.jetty.io,org.eclipse.jetty.util,org.eclipse.jetty.util.component,org.eclipse.jetty.util.thread,org.eclipse.jetty.websocket.api,org.eclipse.jetty.websocket.api.extensions,org.eclipse.jetty.websocket.common,org.eclipse.jetty.websocket.common.frames\'/>\n      <p n=\'version\' t=\'version\' v=\'9.3.8\'/>\n    </capability>\n    <capability name=\'package\'>\n      <p n=\'package\' v=\'org.eclipse.jetty.websocket.common.io.http\'/>\n      <p n=\'version\' t=\'version\' v=\'9.3.8\'/>\n    </capability>\n    <capability name=\'package\'>\n      <p n=\'package\' v=\'org.eclipse.jetty.websocket.common.io.payload\'/>\n      <p n=\'uses:\' v=\'org.eclipse.jetty.websocket.api.extensions\'/>\n      <p n=\'version\' t=\'version\' v=\'9.3.8\'/>\n    </capability>\n    <capability name=\'package\'>\n      <p n=\'package\' v=\'org.eclipse.jetty.websocket.common.message\'/>\n      <p n=\'uses:\' v=\'org.eclipse.jetty.io,org.eclipse.jetty.util,org.eclipse.jetty.websocket.api,org.eclipse.jetty.websocket.api.extensions,org.eclipse.jetty.websocket.common,org.eclipse.jetty.websocket.common.events\'/>\n      <p n=\'version\' t=\'version\' v=\'9.3.8\'/>\n    </capability>\n    <capability name=\'package\'>\n      <p n=\'package\' v=\'org.eclipse.jetty.websocket.common.scopes\'/>\n      <p n=\'uses:\' v=\'org.eclipse.jetty.io,org.eclipse.jetty.util,org.eclipse.jetty.util.component,org.eclipse.jetty.util.ssl,org.eclipse.jetty.websocket.api,org.eclipse.jetty.websocket.common\'/>\n      <p n=\'version\' t=\'version\' v=\'9.3.8\'/>\n    </capability>\n    <capability name=\'package\'>\n      <p n=\'package\' v=\'org.eclipse.jetty.websocket.common.util\'/>\n      <p n=\'version\' t=\'version\' v=\'9.3.8\'/>\n    </capability>\n    <capability name=\'package\'>\n      <p n=\'package\' v=\'org.eclipse.jetty.websocket.server\'/>\n      <p n=\'uses:\' v=\'javax.servlet,javax.servlet.http,org.eclipse.jetty.http.pathmap,org.eclipse.jetty.io,org.eclipse.jetty.server,org.eclipse.jetty.server.handler,org.eclipse.jetty.servlet,org.eclipse.jetty.util,org.eclipse.jetty.util.annotation,org.eclipse.jetty.util.component,org.eclipse.jetty.util.ssl,org.eclipse.jetty.util.thread,org.eclipse.jetty.websocket.api,org.eclipse.jetty.websocket.api.extensions,org.eclipse.jetty.websocket.common,org.eclipse.jetty.websocket.common.events,org.eclipse.jetty.websocket.common.io,org.eclipse.jetty.websocket.common.scopes,org.eclipse.jetty.websocket.servlet\'/>\n      <p n=\'version\' t=\'version\' v=\'9.3.8\'/>\n    </capability>\n    <capability name=\'package\'>\n      <p n=\'package\' v=\'org.eclipse.jetty.websocket.server.pathmap\'/>\n      <p n=\'uses:\' v=\'org.eclipse.jetty.http.pathmap\'/>\n      <p n=\'version\' t=\'version\' v=\'9.3.8\'/>\n    </capability>\n    <capability name=\'package\'>\n      <p n=\'package\' v=\'org.eclipse.jetty.websocket.servlet\'/>\n      <p n=\'uses:\' v=\'javax.servlet,javax.servlet.http,org.eclipse.jetty.websocket.api,org.eclipse.jetty.websocket.api.extensions\'/>\n      <p n=\'version\' t=\'version\' v=\'9.3.8\'/>\n    </capability>\n    <capability name=\'package\'>\n      <p n=\'package\' v=\'org.eclipse.jetty.xml\'/>\n      <p n=\'uses:\' v=\'org.xml.sax\'/>\n      <p n=\'version\' t=\'version\' v=\'9.3.8\'/>\n    </capability>\n    <capability name=\'package\'>\n      <p n=\'package\' v=\'org.apache.felix.http.jetty\'/>\n      <p n=\'uses:\' v=\'org.eclipse.jetty.server\'/>\n      <p n=\'version\' t=\'version\' v=\'2.1.0\'/>\n    </capability>\n    <require extend=\'false\' filter=\'(&amp;(package=javax.imageio)(version&gt;=0.0.0))\' multiple=\'false\' name=\'package\' optional=\'true\'>\n      Import package javax.imageio\n    </require>\n    <require extend=\'false\' filter=\'(&amp;(package=javax.sql)(version&gt;=0.0.0))\' multiple=\'false\' name=\'package\' optional=\'true\'>\n      Import package javax.sql\n    </require>\n    <require extend=\'false\' filter=\'(&amp;(package=org.slf4j)(version&gt;=0.0.0))\' multiple=\'false\' name=\'package\' optional=\'true\'>\n      Import package org.slf4j\n    </require>\n    <require extend=\'false\' filter=\'(&amp;(package=org.slf4j.helpers)(version&gt;=0.0.0))\' multiple=\'false\' name=\'package\' optional=\'true\'>\n      Import package org.slf4j.helpers\n    </require>\n    <require extend=\'false\' filter=\'(&amp;(package=org.slf4j.spi)(version&gt;=0.0.0))\' multiple=\'false\' name=\'package\' optional=\'true\'>\n      Import package org.slf4j.spi\n    </require>\n    <require extend=\'false\' filter=\'(&amp;(package=org.ietf.jgss)(version&gt;=0.0.0))\' multiple=\'false\' name=\'package\' optional=\'true\'>\n      Import package org.ietf.jgss\n    </require>\n    <require extend=\'false\' filter=\'(&amp;(package=org.osgi.service.cm)(version&gt;=1.3.0)(version&lt;2.0.0))\' multiple=\'false\' name=\'package\' optional=\'false\'>\n      Import package org.osgi.service.cm ;version=[1.3.0,2.0.0)\n    </require>\n    <require extend=\'false\' filter=\'(&amp;(package=org.osgi.service.event)(version&gt;=1.2.0)(version&lt;2.0.0))\' multiple=\'false\' name=\'package\' optional=\'false\'>\n      Import package org.osgi.service.event ;version=[1.2.0,2.0.0)\n    </require>\n    <require extend=\'false\' filter=\'(&amp;(package=org.osgi.service.log)(version&gt;=1.3.0)(version&lt;2.0.0))\' multiple=\'false\' name=\'package\' optional=\'false\'>\n      Import package org.osgi.service.log ;version=[1.3.0,2.0.0)\n    </require>\n    <require extend=\'false\' filter=\'(&amp;(package=org.osgi.service.metatype)(version&gt;=1.1.0)(version&lt;2.0.0))\' multiple=\'false\' name=\'package\' optional=\'true\'>\n      Import package org.osgi.service.metatype ;version=[1.1.0,2.0.0)\n    </require>\n    <require extend=\'false\' filter=\'(&amp;(package=org.osgi.service.useradmin)(version&gt;=1.1.0)(version&lt;2.0.0))\' multiple=\'false\' name=\'package\' optional=\'true\'>\n      Import package org.osgi.service.useradmin ;version=[1.1.0,2.0.0)\n    </require>\n    <require extend=\'false\' filter=\'(&amp;(package=org.apache.felix.http.api)(version&gt;=2.0.0)(version&lt;2.1.0))\' multiple=\'false\' name=\'package\' optional=\'false\'>\n      Import package org.apache.felix.http.api ;version=[2.0.0,2.1.0)\n    </require>\n    <require extend=\'false\' filter=\'(&amp;(package=org.osgi.service.http)(version&gt;=1.2.0)(version&lt;1.3.0))\' multiple=\'false\' name=\'package\' optional=\'false\'>\n      Import package org.osgi.service.http ;version=[1.2.0,1.3.0)\n    </require>\n    <require extend=\'false\' filter=\'(&amp;(package=org.osgi.service.http.context)(version&gt;=1.0.0)(version&lt;1.1.0))\' multiple=\'false\' name=\'package\' optional=\'false\'>\n      Import package org.osgi.service.http.context ;version=[1.0.0,1.1.0)\n    </require>\n    <require extend=\'false\' filter=\'(&amp;(package=org.osgi.service.http.runtime)(version&gt;=1.0.0)(version&lt;1.1.0))\' multiple=\'false\' name=\'package\' optional=\'false\'>\n      Import package org.osgi.service.http.runtime ;version=[1.0.0,1.1.0)\n    </require>\n    <require extend=\'false\' filter=\'(&amp;(package=org.osgi.service.http.runtime.dto)(version&gt;=1.0.0)(version&lt;1.1.0))\' multiple=\'false\' name=\'package\' optional=\'false\'>\n      Import package org.osgi.service.http.runtime.dto ;version=[1.0.0,1.1.0)\n    </require>\n    <require extend=\'false\' filter=\'(&amp;(package=javax.annotation)(version&gt;=0.0.0))\' multiple=\'false\' name=\'package\' optional=\'false\'>\n      Import package javax.annotation\n    </require>\n    <require extend=\'false\' filter=\'(&amp;(package=javax.management)(version&gt;=0.0.0))\' multiple=\'false\' name=\'package\' optional=\'false\'>\n      Import package javax.management\n    </require>\n    <require extend=\'false\' filter=\'(&amp;(package=javax.management.modelmbean)(version&gt;=0.0.0))\' multiple=\'false\' name=\'package\' optional=\'false\'>\n      Import package javax.management.modelmbean\n    </require>\n    <require extend=\'false\' filter=\'(&amp;(package=javax.management.remote)(version&gt;=0.0.0))\' multiple=\'false\' name=\'package\' optional=\'false\'>\n      Import package javax.management.remote\n    </require>\n    <require extend=\'false\' filter=\'(&amp;(package=javax.naming)(version&gt;=0.0.0))\' multiple=\'false\' name=\'package\' optional=\'false\'>\n      Import package javax.naming\n    </require>\n    <require extend=\'false\' filter=\'(&amp;(package=javax.naming.ldap)(version&gt;=0.0.0))\' multiple=\'false\' name=\'package\' optional=\'false\'>\n      Import package javax.naming.ldap\n    </require>\n    <require extend=\'false\' filter=\'(&amp;(package=javax.net.ssl)(version&gt;=0.0.0))\' multiple=\'false\' name=\'package\' optional=\'false\'>\n      Import package javax.net.ssl\n    </require>\n    <require extend=\'false\' filter=\'(&amp;(package=javax.security.auth)(version&gt;=0.0.0))\' multiple=\'false\' name=\'package\' optional=\'false\'>\n      Import package javax.security.auth\n    </require>\n    <require extend=\'false\' filter=\'(&amp;(package=javax.security.auth.x500)(version&gt;=0.0.0))\' multiple=\'false\' name=\'package\' optional=\'false\'>\n      Import package javax.security.auth.x500\n    </require>\n    <require extend=\'false\' filter=\'(&amp;(package=javax.servlet)(version&gt;=3.1.0)(version&lt;4.0.0))\' multiple=\'false\' name=\'package\' optional=\'false\'>\n      Import package javax.servlet ;version=[3.1.0,4.0.0)\n    </require>\n    <require extend=\'false\' filter=\'(&amp;(package=javax.servlet.annotation)(version&gt;=3.1.0)(version&lt;4.0.0))\' multiple=\'false\' name=\'package\' optional=\'false\'>\n      Import package javax.servlet.annotation ;version=[3.1.0,4.0.0)\n    </require>\n    <require extend=\'false\' filter=\'(&amp;(package=javax.servlet.descriptor)(version&gt;=3.1.0)(version&lt;4.0.0))\' multiple=\'false\' name=\'package\' optional=\'false\'>\n      Import package javax.servlet.descriptor ;version=[3.1.0,4.0.0)\n    </require>\n    <require extend=\'false\' filter=\'(&amp;(package=javax.servlet.http)(version&gt;=3.1.0)(version&lt;4.0.0))\' multiple=\'false\' name=\'package\' optional=\'false\'>\n      Import package javax.servlet.http ;version=[3.1.0,4.0.0)\n    </require>\n    <require extend=\'false\' filter=\'(&amp;(package=javax.xml.parsers)(version&gt;=0.0.0))\' multiple=\'false\' name=\'package\' optional=\'false\'>\n      Import package javax.xml.parsers\n    </require>\n    <require extend=\'false\' filter=\'(&amp;(package=org.apache.felix.http.jetty)(version&gt;=2.1.0)(version&lt;3.0.0))\' multiple=\'false\' name=\'package\' optional=\'false\'>\n      Import package org.apache.felix.http.jetty ;version=[2.1.0,3.0.0)\n    </require>\n    <require extend=\'false\' filter=\'(&amp;(package=org.eclipse.jetty.http)(version&gt;=9.3.0)(version&lt;10.0.0))\' multiple=\'false\' name=\'package\' optional=\'false\'>\n      Import package org.eclipse.jetty.http ;version=[9.3.0,10.0.0)\n    </require>\n    <require extend=\'false\' filter=\'(&amp;(package=org.eclipse.jetty.io)(version&gt;=9.3.0)(version&lt;10.0.0))\' multiple=\'false\' name=\'package\' optional=\'false\'>\n      Import package org.eclipse.jetty.io ;version=[9.3.0,10.0.0)\n    </require>\n    <require extend=\'false\' filter=\'(&amp;(package=org.eclipse.jetty.jmx)(version&gt;=9.3.0)(version&lt;10.0.0))\' multiple=\'false\' name=\'package\' optional=\'false\'>\n      Import package org.eclipse.jetty.jmx ;version=[9.3.0,10.0.0)\n    </require>\n    <require extend=\'false\' filter=\'(&amp;(package=org.eclipse.jetty.security)(version&gt;=9.3.0)(version&lt;10.0.0))\' multiple=\'false\' name=\'package\' optional=\'false\'>\n      Import package org.eclipse.jetty.security ;version=[9.3.0,10.0.0)\n    </require>\n    <require extend=\'false\' filter=\'(&amp;(package=org.eclipse.jetty.server)(version&gt;=9.3.0)(version&lt;10.0.0))\' multiple=\'false\' name=\'package\' optional=\'false\'>\n      Import package org.eclipse.jetty.server ;version=[9.3.0,10.0.0)\n    </require>\n    <require extend=\'false\' filter=\'(&amp;(package=org.eclipse.jetty.server.handler)(version&gt;=9.3.0)(version&lt;10.0.0))\' multiple=\'false\' name=\'package\' optional=\'false\'>\n      Import package org.eclipse.jetty.server.handler ;version=[9.3.0,10.0.0)\n    </require>\n    <require extend=\'false\' filter=\'(&amp;(package=org.eclipse.jetty.server.session)(version&gt;=9.3.0)(version&lt;10.0.0))\' multiple=\'false\' name=\'package\' optional=\'false\'>\n      Import package org.eclipse.jetty.server.session ;version=[9.3.0,10.0.0)\n    </require>\n    <require extend=\'false\' filter=\'(&amp;(package=org.eclipse.jetty.servlet)(version&gt;=9.3.0)(version&lt;10.0.0))\' multiple=\'false\' name=\'package\' optional=\'false\'>\n      Import package org.eclipse.jetty.servlet ;version=[9.3.0,10.0.0)\n    </require>\n    <require extend=\'false\' filter=\'(&amp;(package=org.eclipse.jetty.util)(version&gt;=9.3.0)(version&lt;10.0.0))\' multiple=\'false\' name=\'package\' optional=\'false\'>\n      Import package org.eclipse.jetty.util ;version=[9.3.0,10.0.0)\n    </require>\n    <require extend=\'false\' filter=\'(&amp;(package=org.eclipse.jetty.util.component)(version&gt;=9.3.0)(version&lt;10.0.0))\' multiple=\'false\' name=\'package\' optional=\'false\'>\n      Import package org.eclipse.jetty.util.component ;version=[9.3.0,10.0.0)\n    </require>\n    <require extend=\'false\' filter=\'(&amp;(package=org.eclipse.jetty.util.log)(version&gt;=9.3.0)(version&lt;10.0.0))\' multiple=\'false\' name=\'package\' optional=\'false\'>\n      Import package org.eclipse.jetty.util.log ;version=[9.3.0,10.0.0)\n    </require>\n    <require extend=\'false\' filter=\'(&amp;(package=org.eclipse.jetty.util.resource)(version&gt;=9.3.0)(version&lt;10.0.0))\' multiple=\'false\' name=\'package\' optional=\'false\'>\n      Import package org.eclipse.jetty.util.resource ;version=[9.3.0,10.0.0)\n    </require>\n    <require extend=\'false\' filter=\'(&amp;(package=org.eclipse.jetty.util.ssl)(version&gt;=9.3.0)(version&lt;10.0.0))\' multiple=\'false\' name=\'package\' optional=\'false\'>\n      Import package org.eclipse.jetty.util.ssl ;version=[9.3.0,10.0.0)\n    </require>\n    <require extend=\'false\' filter=\'(&amp;(package=org.eclipse.jetty.util.thread)(version&gt;=9.3.0)(version&lt;10.0.0))\' multiple=\'false\' name=\'package\' optional=\'false\'>\n      Import package org.eclipse.jetty.util.thread ;version=[9.3.0,10.0.0)\n    </require>\n    <require extend=\'false\' filter=\'(&amp;(package=org.eclipse.jetty.webapp)(version&gt;=9.3.0)(version&lt;10.0.0))\' multiple=\'false\' name=\'package\' optional=\'false\'>\n      Import package org.eclipse.jetty.webapp ;version=[9.3.0,10.0.0)\n    </require>\n    <require extend=\'false\' filter=\'(&amp;(package=org.osgi.dto)(version&gt;=1.0.0)(version&lt;2.0.0))\' multiple=\'false\' name=\'package\' optional=\'false\'>\n      Import package org.osgi.dto ;version=[1.0.0,2.0.0)\n    </require>\n    <require extend=\'false\' filter=\'(&amp;(package=org.osgi.framework)(version&gt;=1.8.0)(version&lt;2.0.0))\' multiple=\'false\' name=\'package\' optional=\'false\'>\n      Import package org.osgi.framework ;version=[1.8.0,2.0.0)\n    </require>\n    <require extend=\'false\' filter=\'(&amp;(package=org.osgi.framework.dto)(version&gt;=1.8.0)(version&lt;2.0.0))\' multiple=\'false\' name=\'package\' optional=\'false\'>\n      Import package org.osgi.framework.dto ;version=[1.8.0,2.0.0)\n    </require>\n    <require extend=\'false\' filter=\'(&amp;(package=org.osgi.framework.wiring)(version&gt;=1.2.0)(version&lt;2.0.0))\' multiple=\'false\' name=\'package\' optional=\'false\'>\n      Import package org.osgi.framework.wiring ;version=[1.2.0,2.0.0)\n    </require>\n    <require extend=\'false\' filter=\'(&amp;(package=org.osgi.util.tracker)(version&gt;=1.5.0)(version&lt;2.0.0))\' multiple=\'false\' name=\'package\' optional=\'false\'>\n      Import package org.osgi.util.tracker ;version=[1.5.0,2.0.0)\n    </require>\n    <require extend=\'false\' filter=\'(&amp;(package=org.xml.sax)(version&gt;=0.0.0))\' multiple=\'false\' name=\'package\' optional=\'false\'>\n      Import package org.xml.sax\n    </require>\n    <require extend=\'false\' filter=\'(&amp;(package=org.xml.sax.helpers)(version&gt;=0.0.0))\' multiple=\'false\' name=\'package\' optional=\'false\'>\n      Import package org.xml.sax.helpers\n    </require>\n    <require extend=\'false\' filter=\'(&amp;(package=org.mortbay.log)(version&gt;=6.1.0)(version&lt;7.0.0))\' multiple=\'false\' name=\'package\' optional=\'true\'>\n      Import package org.mortbay.log ;version=[6.1.0,7.0.0)\n    </require>\n    <require extend=\'false\' filter=\'(&amp;(package=org.mortbay.util.ajax)(version&gt;=6.1.0)(version&lt;7.0.0))\' multiple=\'false\' name=\'package\' optional=\'true\'>\n      Import package org.mortbay.util.ajax ;version=[6.1.0,7.0.0)\n    </require>\n    <require extend=\'false\' filter=\'(|(ee=JavaSE-1.8))\' multiple=\'false\' name=\'ee\' optional=\'false\'>\n      Execution Environment (|(ee=JavaSE-1.8))\n    </require>\n  </resource>'),(495,'org.eclipse.osgi.source/3.10.2.v20150203-1939','OSGi System Bundle Source','org.eclipse.osgi.source','http://192.168.3.208:9000/obr/org/eclipse/osgi/org.eclipse.osgi.source-3.10.2.v20150203-1939.jar','3.10.2.v20150203-1939','1059116','<resource id=\'org.eclipse.osgi.source/3.10.2.v20150203-1939\' presentationname=\'OSGi System Bundle Source\' symbolicname=\'org.eclipse.osgi.source\' uri=\'http://192.168.3.208:9000/obr/org/eclipse/osgi/org.eclipse.osgi.source-3.10.2.v20150203-1939.jar\' version=\'3.10.2.v20150203-1939\'>\n    <size>\n      1059116\n    </size>\n    <capability name=\'bundle\'>\n      <p n=\'manifestversion\' v=\'2\'/>\n      <p n=\'presentationname\' v=\'OSGi System Bundle Source\'/>\n      <p n=\'symbolicname\' v=\'org.eclipse.osgi.source\'/>\n      <p n=\'version\' v=\'3.10.2.v20150203-1939\'/>\n    </capability>\n  </resource>'),(496,'org.osgi.service.obr/1.0.0','OSGi OBR Service API','org.osgi.service.obr','http://192.168.3.208:9000/obr/org/osgi/service/org.osgi.service.obr-1.jar','1.0.0','11515','<resource id=\'org.osgi.service.obr/1.0.0\' presentationname=\'OSGi OBR Service API\' symbolicname=\'org.osgi.service.obr\' uri=\'http://192.168.3.208:9000/obr/org/osgi/service/org.osgi.service.obr-1.jar\' version=\'1.0.0\'>\n    <description>\n      OSGi OBR Service API\n    </description>\n    <size>\n      11515\n    </size>\n    <license>\n      http://www.apache.org/licenses/LICENSE-2.0.txt\n    </license>\n    <documentation>\n      http://www.osgi.org/\n    </documentation>\n    <copyright>\n      Copyright (c) OSGi Alliance (2000, 2008). All Rights Reserved.\n    </copyright>\n    <category id=\'osgi\'/>\n    <capability name=\'bundle\'>\n      <p n=\'manifestversion\' v=\'2\'/>\n      <p n=\'presentationname\' v=\'OSGi OBR Service API\'/>\n      <p n=\'symbolicname\' v=\'org.osgi.service.obr\'/>\n      <p n=\'version\' v=\'1.0.0\'/>\n    </capability>\n    <capability name=\'package\'>\n      <p n=\'package\' v=\'org.osgi.service.obr\'/>\n      <p n=\'uses:\' v=\'org.osgi.framework\'/>\n      <p n=\'version\' t=\'version\' v=\'1.0.0\'/>\n    </capability>\n    <require extend=\'false\' filter=\'(&amp;(package=org.osgi.framework)(version&gt;=1.3.0))\' multiple=\'false\' name=\'package\' optional=\'false\'>\n      Import package org.osgi.framework ;version=1.3.0\n    </require>\n    <require extend=\'false\' filter=\'(&amp;(package=org.osgi.service.obr)(version&gt;=1.0.0))\' multiple=\'false\' name=\'package\' optional=\'false\'>\n      Import package org.osgi.service.obr ;version=1.0.0\n    </require>\n  </resource>'),(497,'test/1.0.0.201407141741','Test','test','http://192.168.3.208:9000/obr/test-1.0.0.201407141741.jar','1.0.0.201407141741','1079','<resource id=\'test/1.0.0.201407141741\' presentationname=\'Test\' symbolicname=\'test\' uri=\'http://192.168.3.208:9000/obr/test-1.0.0.201407141741.jar\' version=\'1.0.0.201407141741\'>\n    <size>\n      1079\n    </size>\n    <capability name=\'bundle\'>\n      <p n=\'manifestversion\' v=\'2\'/>\n      <p n=\'presentationname\' v=\'Test\'/>\n      <p n=\'symbolicname\' v=\'test\'/>\n      <p n=\'version\' v=\'1.0.0.201407141741\'/>\n    </capability>\n    <require extend=\'false\' filter=\'(&amp;(package=org.osgi.framework)(version&gt;=1.3.0))\' multiple=\'false\' name=\'package\' optional=\'false\'>\n      Import package org.osgi.framework ;version=1.3.0\n    </require>\n    <require extend=\'false\' filter=\'(|(ee=JavaSE-1.6))\' multiple=\'false\' name=\'ee\' optional=\'false\'>\n      Execution Environment (|(ee=JavaSE-1.6))\n    </require>\n  </resource>');

/*Table structure for table `logs` */

DROP TABLE IF EXISTS `logs`;

CREATE TABLE `logs` (
  `id` int(11) NOT NULL AUTO_INCREMENT,
  `operator` mediumtext,
  `method_name` mediumtext,
  `class_name` mediumtext,
  `args` mediumtext,
  `operate_result` mediumtext,
  `return_value` mediumtext,
  `operate_time` mediumtext,
  `error_message` mediumtext,
  PRIMARY KEY (`id`)
) ENGINE=InnoDB DEFAULT CHARSET=utf8;

/*Data for the table `logs` */

/*Table structure for table `products` */

DROP TABLE IF EXISTS `products`;

CREATE TABLE `products` (
  `id` int(11) NOT NULL AUTO_INCREMENT,
  `service_id` varchar(255) DEFAULT NULL,
  `name` varchar(255) DEFAULT NULL,
  `description` mediumtext,
  `url` mediumtext,
  `repo_xml` mediumtext,
  PRIMARY KEY (`id`)
) ENGINE=InnoDB AUTO_INCREMENT=10 DEFAULT CHARSET=utf8;

/*Data for the table `products` */

insert  into `products`(`id`,`service_id`,`name`,`description`,`url`,`repo_xml`) values (5,'1101','游戏','游戏产品包','http://localhost:8080/OBRManagerSys/store/游戏.xml','<?xml version=\'1.0\' encoding=\'utf-8\'?>\n<?xml-stylesheet type=\'text/xsl\' href=\'http://www2.osgi.org/www/obr2html.xsl\'?>\n\n<repository lastmodified=\'20161114184034.527\' name=\'Untitled\'><resource id=\'DEMO3/1.0.0.201606021753\' presentationname=\'DEMO3\' symbolicname=\'DEMO3\' uri=\'http://192.168.3.208:9000/obr/DEMO3-1.0.0.201606021753.jar\' version=\'1.0.0.201606021753\'>\n    <size>\n      1090\n    </size>\n    <capability name=\'bundle\'>\n      <p n=\'manifestversion\' v=\'2\'/>\n      <p n=\'presentationname\' v=\'DEMO3\'/>\n      <p n=\'symbolicname\' v=\'DEMO3\'/>\n      <p n=\'version\' v=\'1.0.0.201606021753\'/>\n    </capability>\n    <require extend=\'false\' filter=\'(&amp;(package=org.osgi.framework)(version&gt;=1.3.0))\' multiple=\'false\' name=\'package\' optional=\'false\'>\n      Import package org.osgi.framework ;version=1.3.0\n    </require>\n    <require extend=\'false\' filter=\'(|(ee=JavaSE-1.7))\' multiple=\'false\' name=\'ee\' optional=\'false\'>\n      Execution Environment (|(ee=JavaSE-1.7))\n    </require>\n  </resource>\n<resource id=\'TEST3/1.0.0.201606021714\' presentationname=\'TEST3\' symbolicname=\'TEST3\' uri=\'http://192.168.3.208:9000/obr/TEST3-1.0.0.201606021714.jar\' version=\'1.0.0.201606021714\'>\n    <size>\n      1086\n    </size>\n    <capability name=\'bundle\'>\n      <p n=\'manifestversion\' v=\'2\'/>\n      <p n=\'presentationname\' v=\'TEST3\'/>\n      <p n=\'symbolicname\' v=\'TEST3\'/>\n      <p n=\'version\' v=\'1.0.0.201606021714\'/>\n    </capability>\n    <require extend=\'false\' filter=\'(&amp;(package=org.osgi.framework)(version&gt;=1.3.0))\' multiple=\'false\' name=\'package\' optional=\'false\'>\n      Import package org.osgi.framework ;version=1.3.0\n    </require>\n    <require extend=\'false\' filter=\'(|(ee=JavaSE-1.7))\' multiple=\'false\' name=\'ee\' optional=\'false\'>\n      Execution Environment (|(ee=JavaSE-1.7))\n    </require>\n  </resource>\n<resource id=\'org.apache.felix.bundlerepository/2.0.8\' presentationname=\'Apache Felix Bundle Repository\' symbolicname=\'org.apache.felix.bundlerepository\' uri=\'http://192.168.3.208:9000/obr/org/apache/felix/org.apache.felix.bundlerepository-2.0.8.jar\' version=\'2.0.8\'>\n    <description>\n      Bundle repository service.\n    </description>\n    <size>\n      225965\n    </size>\n    <license>\n      http://www.apache.org/licenses/LICENSE-2.0.txt\n    </license>\n    <documentation>\n      http://felix.apache.org/site/apache-felix-osgi-bundle-repository.html\n    </documentation>\n    <source>\n      http://felix.apache.org/site/downloads.cgi\n    </source>\n    <capability name=\'service\'>\n      <p n=\'service\' v=\'org.apache.felix.bundlerepository.RepositoryAdmin\'/>\n    </capability>\n    <capability name=\'service\'>\n      <p n=\'service\' v=\'org.osgi.service.obr.RepositoryAdmin\'/>\n    </capability>\n    <capability name=\'bundle\'>\n      <p n=\'manifestversion\' v=\'2\'/>\n      <p n=\'presentationname\' v=\'Apache Felix Bundle Repository\'/>\n      <p n=\'symbolicname\' v=\'org.apache.felix.bundlerepository\'/>\n      <p n=\'version\' v=\'2.0.8\'/>\n    </capability>\n    <capability name=\'package\'>\n      <p n=\'package\' v=\'org.osgi.service.repository\'/>\n      <p n=\'uses:\' v=\'org.osgi.resource\'/>\n      <p n=\'version\' t=\'version\' v=\'1.0.0\'/>\n    </capability>\n    <capability name=\'package\'>\n      <p n=\'package\' v=\'org.apache.felix.bundlerepository\'/>\n      <p n=\'uses:\' v=\'org.osgi.framework\'/>\n      <p n=\'version\' t=\'version\' v=\'2.1.0\'/>\n    </capability>\n    <require extend=\'false\' filter=\'(&amp;(package=org.osgi.service.repository)(version&gt;=1.0.0)(version&lt;2.0.0))\' multiple=\'false\' name=\'package\' optional=\'false\'>\n      Import package org.osgi.service.repository ;version=[1.0.0,2.0.0)\n    </require>\n    <require extend=\'false\' filter=\'(&amp;(package=org.osgi.service.log)(version&gt;=1.3.0)(version&lt;2.0.0))\' multiple=\'false\' name=\'package\' optional=\'true\'>\n      Import package org.osgi.service.log ;version=[1.3.0,2.0.0)\n    </require>\n    <require extend=\'false\' filter=\'(&amp;(package=org.osgi.service.obr)(version&gt;=1.0.0)(version&lt;2.0.0))\' multiple=\'false\' name=\'package\' optional=\'true\'>\n      Import package org.osgi.service.obr ;version=[1.0.0,2.0.0)\n    </require>\n    <require extend=\'false\' filter=\'(&amp;(package=javax.xml.stream)(version&gt;=0.0.0))\' multiple=\'false\' name=\'package\' optional=\'true\'>\n      Import package javax.xml.stream\n    </require>\n    <require extend=\'false\' filter=\'(&amp;(package=org.apache.felix.bundlerepository)(version&gt;=2.1.0)(version&lt;3.0.0))\' multiple=\'false\' name=\'package\' optional=\'false\'>\n      Import package org.apache.felix.bundlerepository ;version=[2.1.0,3.0.0)\n    </require>\n    <require extend=\'false\' filter=\'(&amp;(package=org.apache.felix.shell)(version&gt;=1.0.0)(version&lt;2.0.0))\' multiple=\'false\' name=\'package\' optional=\'true\'>\n      Import package org.apache.felix.shell ;version=[1.0.0,2.0.0)\n    </require>\n    <require extend=\'false\' filter=\'(&amp;(package=org.osgi.framework)(version&gt;=1.7.0)(version&lt;2.0.0))\' multiple=\'false\' name=\'package\' optional=\'false\'>\n      Import package org.osgi.framework ;version=[1.7.0,2.0.0)\n    </require>\n    <require extend=\'false\' filter=\'(&amp;(package=org.osgi.framework.wiring)(version&gt;=1.1.0)(version&lt;2.0.0))\' multiple=\'false\' name=\'package\' optional=\'false\'>\n      Import package org.osgi.framework.wiring ;version=[1.1.0,2.0.0)\n    </require>\n    <require extend=\'false\' filter=\'(&amp;(package=org.osgi.resource)(version&gt;=1.0.0)(version&lt;2.0.0))\' multiple=\'false\' name=\'package\' optional=\'false\'>\n      Import package org.osgi.resource ;version=[1.0.0,2.0.0)\n    </require>\n    <require extend=\'false\' filter=\'(&amp;(package=org.osgi.service.cm)(version&gt;=1.5.0)(version&lt;2.0.0))\' multiple=\'false\' name=\'package\' optional=\'true\'>\n      Import package org.osgi.service.cm ;version=[1.5.0,2.0.0)\n    </require>\n    <require extend=\'false\' filter=\'(&amp;(package=org.osgi.service.url)(version&gt;=1.0.0)(version&lt;2.0.0))\' multiple=\'false\' name=\'package\' optional=\'false\'>\n      Import package org.osgi.service.url ;version=[1.0.0,2.0.0)\n    </require>\n    <require extend=\'false\' filter=\'(&amp;(package=org.osgi.util.tracker)(version&gt;=1.5.0)(version&lt;2.0.0))\' multiple=\'false\' name=\'package\' optional=\'false\'>\n      Import package org.osgi.util.tracker ;version=[1.5.0,2.0.0)\n    </require>\n  </resource>\n<resource id=\'org.apache.felix.deploymentadmin/0.9.10\' presentationname=\'Apache Felix Deployment Admin\' symbolicname=\'org.apache.felix.deploymentadmin\' uri=\'http://192.168.3.208:9000/obr/org/apache/felix/org.apache.felix.deploymentadmin-0.9.10.jar\' version=\'0.9.10\'>\n    <description>\n      A bundle that implements the Deployment Admin.\n    </description>\n    <size>\n      100411\n    </size>\n    <license>\n      http://www.apache.org/licenses/LICENSE-2.0.txt\n    </license>\n    <documentation>\n      http://www.apache.org/\n    </documentation>\n    <capability name=\'bundle\'>\n      <p n=\'manifestversion\' v=\'2\'/>\n      <p n=\'presentationname\' v=\'Apache Felix Deployment Admin\'/>\n      <p n=\'symbolicname\' v=\'org.apache.felix.deploymentadmin\'/>\n      <p n=\'version\' v=\'0.9.10\'/>\n    </capability>\n    <capability name=\'package\'>\n      <p n=\'package\' v=\'org.osgi.service.deploymentadmin\'/>\n      <p n=\'uses:\' v=\'org.osgi.framework\'/>\n      <p n=\'version\' t=\'version\' v=\'1.1.0\'/>\n    </capability>\n    <capability name=\'package\'>\n      <p n=\'package\' v=\'org.osgi.service.deploymentadmin.spi\'/>\n      <p n=\'uses:\' v=\'org.osgi.framework,org.osgi.service.deploymentadmin\'/>\n      <p n=\'version\' t=\'version\' v=\'1.0.0\'/>\n    </capability>\n    <require extend=\'false\' filter=\'(&amp;(package=org.apache.felix.dm)(version&gt;=4.1.0)(version&lt;5.0.0))\' multiple=\'false\' name=\'package\' optional=\'false\'>\n      Import package org.apache.felix.dm ;version=[4.1.0,5.0.0)\n    </require>\n    <require extend=\'false\' filter=\'(&amp;(package=org.osgi.framework)(version&gt;=1.5.0)(version&lt;2.0.0))\' multiple=\'false\' name=\'package\' optional=\'false\'>\n      Import package org.osgi.framework ;version=[1.5.0,2.0.0)\n    </require>\n    <require extend=\'false\' filter=\'(&amp;(package=org.osgi.service.deploymentadmin)(version&gt;=1.1.0)(version&lt;2.0.0))\' multiple=\'false\' name=\'package\' optional=\'false\'>\n      Import package org.osgi.service.deploymentadmin ;version=[1.1.0,2.0.0)\n    </require>\n    <require extend=\'false\' filter=\'(&amp;(package=org.osgi.service.deploymentadmin.spi)(version&gt;=1.0.0)(version&lt;2.0.0))\' multiple=\'false\' name=\'package\' optional=\'false\'>\n      Import package org.osgi.service.deploymentadmin.spi ;version=[1.0.0,2.0.0)\n    </require>\n    <require extend=\'false\' filter=\'(&amp;(package=org.osgi.service.event)(version&gt;=1.2.0)(version&lt;2.0.0))\' multiple=\'false\' name=\'package\' optional=\'false\'>\n      Import package org.osgi.service.event ;version=[1.2.0,2.0.0)\n    </require>\n    <require extend=\'false\' filter=\'(&amp;(package=org.osgi.service.log)(version&gt;=1.3.0)(version&lt;2.0.0))\' multiple=\'false\' name=\'package\' optional=\'false\'>\n      Import package org.osgi.service.log ;version=[1.3.0,2.0.0)\n    </require>\n    <require extend=\'false\' filter=\'(&amp;(package=org.osgi.service.packageadmin)(version&gt;=1.2.0)(version&lt;2.0.0))\' multiple=\'false\' name=\'package\' optional=\'false\'>\n      Import package org.osgi.service.packageadmin ;version=[1.2.0,2.0.0)\n    </require>\n  </resource>\n</repository>'),(7,'333-yyy-zzzz','QQ游戏','飞机的价格i开发机构','http://localhost:8080/OBRManagerSys/store/QQ游戏.xml',''),(8,'555-ddd-hhh','ABCPlay World','jdjfdojvov;fohnogvhoihngvoi','http://localhost:8080/OBRManagerSys/store/ABCPlay World.xml',''),(9,'007','P007','Detie of 007','http://localhost:8080/OBRManagerSys/store/P007.xml','');

/*Table structure for table `role_authority` */

DROP TABLE IF EXISTS `role_authority`;

CREATE TABLE `role_authority` (
  `role_id` int(11) NOT NULL,
  `authority_id` int(11) NOT NULL,
  PRIMARY KEY (`role_id`,`authority_id`),
  KEY `authority_id` (`authority_id`),
  CONSTRAINT `role_authority_ibfk_1` FOREIGN KEY (`role_id`) REFERENCES `roles` (`id`),
  CONSTRAINT `role_authority_ibfk_2` FOREIGN KEY (`authority_id`) REFERENCES `authorities` (`id`)
) ENGINE=InnoDB DEFAULT CHARSET=utf8;

/*Data for the table `role_authority` */

insert  into `role_authority`(`role_id`,`authority_id`) values (1,2),(2,2),(3,2),(1,3),(2,3),(3,3),(1,5),(1,7),(3,7),(1,9),(2,9),(1,10),(2,10);

/*Table structure for table `roles` */

DROP TABLE IF EXISTS `roles`;

CREATE TABLE `roles` (
  `id` int(11) NOT NULL AUTO_INCREMENT,
  `name` varchar(255) DEFAULT NULL,
  `description` varchar(255) DEFAULT NULL,
  `enabled` tinyint(1) DEFAULT NULL,
  PRIMARY KEY (`id`)
) ENGINE=InnoDB AUTO_INCREMENT=9 DEFAULT CHARSET=utf8;

/*Data for the table `roles` */

insert  into `roles`(`id`,`name`,`description`,`enabled`) values (1,'admin','管理员',1),(2,'tester','测试者',1),(3,'test0','测试的手下',1);

/*Table structure for table `users` */

DROP TABLE IF EXISTS `users`;

CREATE TABLE `users` (
  `id` int(11) NOT NULL AUTO_INCREMENT,
  `name` varchar(255) DEFAULT NULL,
  `password` varchar(255) DEFAULT NULL,
  `enabled` tinyint(1) DEFAULT NULL,
  `salt` varchar(255) DEFAULT NULL,
  `role_id` int(11) NOT NULL,
  PRIMARY KEY (`id`),
  KEY `role_id` (`role_id`),
  CONSTRAINT `users_ibfk_1` FOREIGN KEY (`role_id`) REFERENCES `roles` (`id`)
) ENGINE=InnoDB AUTO_INCREMENT=9 DEFAULT CHARSET=utf8;

/*Data for the table `users` */

insert  into `users`(`id`,`name`,`password`,`enabled`,`salt`,`role_id`) values (1,'bcde','b416050f5504e03cc37390929dd86af9',1,'5d0188f7f6b94fed93dbbcf0babce8e5',1),(4,'dd','9303132895f98b1a16b469a2532be22b',1,'59fd7efd2efa4c2eb1c11c20f504c691',3);

/*!40101 SET SQL_MODE=@OLD_SQL_MODE */;
/*!40014 SET FOREIGN_KEY_CHECKS=@OLD_FOREIGN_KEY_CHECKS */;
/*!40014 SET UNIQUE_CHECKS=@OLD_UNIQUE_CHECKS */;
/*!40111 SET SQL_NOTES=@OLD_SQL_NOTES */;
